{
  "hash": "a50039ea",
  "configHash": "3ee0c59b",
  "lockfileHash": "41d02b5c",
  "browserHash": "59d1eade",
  "optimized": {
    "@angular/core": {
      "src": "../../../../../node_modules/@angular/core/fesm2022/core.mjs",
      "file": "@angular_core.js",
      "fileHash": "7bec8d44",
      "needsInterop": false
    },
    "@angular/platform-browser": {
      "src": "../../../../../node_modules/@angular/platform-browser/fesm2022/platform-browser.mjs",
      "file": "@angular_platform-browser.js",
      "fileHash": "627e0f55",
      "needsInterop": false
    },
    "@angular/router": {
      "src": "../../../../../node_modules/@angular/router/fesm2022/router.mjs",
      "file": "@angular_router.js",
      "fileHash": "9a068626",
      "needsInterop": false
    },
    "@angular/forms": {
      "src": "../../../../../node_modules/@angular/forms/fesm2022/forms.mjs",
      "file": "@angular_forms.js",
      "fileHash": "4f47cd5d",
      "needsInterop": false
    },
    "@angular/common": {
      "src": "../../../../../node_modules/@angular/common/fesm2022/common.mjs",
      "file": "@angular_common.js",
      "fileHash": "f59193a5",
      "needsInterop": false
    },
    "@ng-bootstrap/ng-bootstrap": {
      "src": "../../../../../node_modules/@ng-bootstrap/ng-bootstrap/fesm2022/ng-bootstrap.mjs",
      "file": "@ng-bootstrap_ng-bootstrap.js",
      "fileHash": "44fd2d7d",
      "needsInterop": false
    },
    "@angular/common/http": {
      "src": "../../../../../node_modules/@angular/common/fesm2022/http.mjs",
      "file": "@angular_common_http.js",
      "fileHash": "f3de3181",
      "needsInterop": false
    }
  },
  "chunks": {
    "chunk-HCICMG62": {
      "file": "chunk-HCICMG62.js"
    },
    "chunk-JXT5ZHJN": {
      "file": "chunk-JXT5ZHJN.js"
    },
    "chunk-5LEZ2YMX": {
      "file": "chunk-5LEZ2YMX.js"
    },
    "chunk-ZSS6NCGT": {
      "file": "chunk-ZSS6NCGT.js"
    },
    "chunk-UBI4SNT3": {
      "file": "chunk-UBI4SNT3.js"
    }
  }
}